{"mean_score": 0.0950879152426911, "pct_flagged_normal": 3.012912482065997, "features": ["pm25", "pm10", "co", "no2", "o3", "temperature", "humidity", "pressure"]}