{"rmse": 1.6629810773655571, "mae": 1.3307452194563747}